"id","source","is_available","sender","subject","content_1","link_text_1","url_1","content_2","link_text_2","url_2","content_3","link_text_3","url_3","content_4","link_text_4","url_4","difficulty_level","template_type","email_label","department","scam_keywords","analysis_description"
"","admin","True","hr@global-corp.com","2026 Q3 Performance Evaluation Schedule Released","Dear colleagues, the Q3 performance evaluation cycle has officially started. All employees are required to complete the self-assessment form before the deadline set by each department. The HR team will collect results in batches.","Open performance evaluation form","https://hr.global-corp.com/performance/q3","Department heads should submit evaluation comments after the self-assessment period. For questions about position adjustment or internal competition policies, please refer to the employee handbook.","View evaluation guidelines","https://hr.global-corp.com/handbook/evaluation","Results will be announced after review. No further action is needed at this stage.","","","Human Resources Department, Global-Corp","","","2","L2_1","legit","hr","performance evaluation, position adjustment, internal competition","LEGITIMATE email. (1) Sender hr@global-corp.com uses the official trusted domain. (2) Both links point to hr.global-corp.com which is on the whitelist. (3) Content contains only routine HR business terms (performance evaluation, position adjustment, internal competition). (4) No urgency threats, no fear tactics, no benefit lures, no credential requests. (5) No embedded verification links. Recognition tip: legitimate HR notices always use global-corp.com domains and reference internal portals."
"","admin","True","payroll-notice@hr-official-global.com","URGENT: Salary Account Update Required Within 24 Hours - Overdue Freeze Warning","Dear employee, our payroll system has detected that your bank account reporting information is incomplete. To ensure your salary slip is processed this month, you must complete the salary update link verification within 24 hours. Failure to comply will result in overdue freeze of your payroll account.","Update salary account now","https://payroll-notice.hr-g1obal-corp.com/salary-update","This urgent submission is mandated by the official human resources department. Please have your ID upload ready and complete the privacy verification process immediately.","Submit bank details","https://hr-official.hr-g1obal-corp.com/verify","If you have recently submitted a resume supplementation for internal competition, please also confirm your details through the link above to avoid payment errors.","","","Payroll Administration, Global-Corp HR","","","2","L2_2","phish","hr","payroll-notice, hr-official, 24 hours, overdue freeze, salary update link, bank account reporting, ID upload, privacy verification, urgent submission, official human resources department","PHISHING email. (1) SENDER SPOOFING: payroll-notice@hr-official-global.com contains fake sender keywords payroll-notice and hr-official; domain is NOT global-corp.com. (2) URL HOMOGRAPH ATTACK: links use hr-g1obal-corp.com where lowercase L is replaced by digit 1 (g1obal vs global), visually impersonating the trusted hr.global-corp.com; URLs also contain fake domain keywords payroll-notice and hr-official. (3) SOCIAL ENGINEERING - URGENCY: within 24 hours, urgent submission, immediately. (4) SOCIAL ENGINEERING - FEAR: overdue freeze, salary disruption. (5) SOCIAL ENGINEERING - AUTHORITY: official human resources department. (6) Requests sensitive data (bank account, ID upload) via external link. Recognition tip: HR never asks for bank details through embedded links; verify the domain character by character."
"","admin","True","recruit-audit@staff-info-portal.com","High-Paying Internal Referral Bonus - Claim Your Cash Reward Today","Congratulations, you have been selected for the high-paying internal referral program. Complete your resume supplementation through the link below to receive your special subsidy and cash return. This is a time-limited offer from the official human resources department.","Claim referral bonus","https://recruit-audit.staff-info-portal.com/referral","The headhunting cooperation team has approved a welfare application on your behalf. Click to confirm your payment details and receive the benefit directly to your account.","Confirm benefit payment","https://career-rebate.staff-info-portal.com/claim","Please note this offer expires at midnight. Late submissions will not be processed.","","","Talent Acquisition Team, Global-Corp","","","2","L2_3","phish","hr","recruit-audit, staff-info, career-rebate, high-paying internal referral, resume supplementation, subsidy, cash return, welfare application, time-limited, official human resources department, benefit lure","PHISHING email. (1) SENDER SPOOFING: recruit-audit@staff-info-portal.com contains fake sender keywords recruit-audit and staff-info; domain is not trusted. (2) FAKE URLS: links contain fake domain keywords recruit-audit, staff-info, career-rebate; staff-info-portal.com is not on the whitelist. (3) SOCIAL ENGINEERING - BENEFIT LURE: high-paying referral, special subsidy, cash return, welfare application - entices victim with promised money. (4) SOCIAL ENGINEERING - URGENCY: time-limited offer, expires at midnight. (5) SOCIAL ENGINEERING - AUTHORITY: official human resources department. (6) Requests payment details via external link. Recognition tip: legitimate bonus programs are announced through hr.global-corp.com, not unsolicited emails with cash-reward links."
"","admin","True","onboarding@global-corp.com","New Employee Onboarding Materials and Labor Contract Submission","Welcome to Global-Corp. Please complete your onboarding processing by submitting the required documents through the HR portal. This includes your signed labor contract, background check authorization, and personnel filing forms.","Submit onboarding materials","https://hr.global-corp.com/onboarding/new-hire","New employees should also complete the training registration for the orientation session. The onboarding materials checklist is available for download on the HR page.","Register for orientation training","https://hr.global-corp.com/training/orientation","If you have questions about the probation approval process or social security and housing fund enrollment, contact your HR business partner.","","","Human Resources Onboarding Team","","","2","L2_1","legit","hr","onboarding processing, labor contract, background check, personnel filing, training registration, onboarding materials, probation approval, social security and housing fund","LEGITIMATE email. (1) Sender onboarding@global-corp.com uses the official trusted domain. (2) Both links point to hr.global-corp.com which is whitelisted. (3) Content covers standard onboarding procedures (labor contract, background check, training registration). (4) No urgency, threats, or unsolicited benefit promises. (5) Directs employees to contact HR business partners for questions rather than clicking suspicious links. Recognition tip: legitimate onboarding emails use internal HR portals and do not demand immediate credential verification."
"","admin","True","employee-file@social-tax-hr.com","CEO Notice: Immediate Retrieval of All Employee Files - Personnel Audit","Per CEO notice, all employees must complete employee information export for the quarterly personnel audit. This is a time-limited file submission required by headquarters audit. Immediate handling is needed before the deadline for today.","Access employee file portal","https://employee-file.social-tax-hr.com/roster","Failure to complete privacy verification will result in social security account lockout and accountability measures. Please upload your ID and bank account reporting details through the third-party information system.","Submit audit documents","https://social-tax.social-tax-hr.com/audit","This audit covers employee roster, salary flow upload, and individual income tax declaration records. All staff must comply.","","","Office of the CEO, Global-Corp","","","2","L2_2","phish","hr","employee-file, social-tax, CEO notice, employee information export, personnel audit, time-limited file submission, headquarters audit, immediate handling, deadline for today, privacy verification, social security account lockout, accountability, ID upload, bank account reporting, third-party information system, employee roster, salary flow upload, individual income tax declaration","PHISHING email. (1) SENDER SPOOFING: employee-file@social-tax-hr.com contains fake sender keywords employee-file and social-tax; domain is not global-corp.com. (2) FAKE URLS: links contain fake domain keywords employee-file and social-tax; social-tax-hr.com is not trusted. (3) SOCIAL ENGINEERING - AUTHORITY: CEO notice, headquarters audit. (4) SOCIAL ENGINEERING - URGENCY: immediate handling, deadline for today, time-limited. (5) SOCIAL ENGINEERING - FEAR: social security account lockout, accountability. (6) Requests mass personal data (ID, bank details, salary records) via third-party information system - data harvesting attack. Recognition tip: CEO requests for employee data should be verified through official internal channels; HR never uses third-party systems for personnel audits."
"","admin","True","hr@global-corp.com","Annual Leave Application System Maintenance This Weekend","The annual leave application module will undergo scheduled maintenance this Saturday from 2:00 AM to 6:00 AM. During this period, leave requests and attendance record queries will be temporarily unavailable.","View maintenance schedule","https://hr.global-corp.com/announcements/maintenance","Employees with pending leave requests should submit them before Friday. The attendance record system will not be affected. For urgent matters, contact your HR business partner.","Check leave balance","https://hr.global-corp.com/leave/balance","The system will automatically resume after maintenance. No action is required from employees.","","","HR Systems Administration","","","2","L2_1","legit","hr","annual leave application, attendance record","LEGITIMATE email. (1) Sender hr@global-corp.com is official. (2) Both links use hr.global-corp.com on the whitelist. (3) Content is a routine maintenance notice with a specific time window. (4) No urgency pressure, no threats, no credential requests. (5) Explicitly states no action required. Recognition tip: legitimate system maintenance notices provide specific schedules and use internal domains."
"","admin","True","socialsecurity-fake@hr-backend-alert.com","Social Security Supplementary Payment Fines - Immediate Action Required","Our records show a discrepancy in your social security base. You must pay social security supplementary payment fines within 24 hours to avoid account lockout. An individual income tax refund is also available for immediate claim.","Pay supplementary fine","https://socialsecurity-fake.hr-backend-alert.com/payment","Please complete the tax refund application through the link below. The subsidy will be deposited after bank account reporting verification.","Claim tax refund","https://tax-notice.hr-backend-alert.com/refund","Overdue freeze will be applied to all unconfirmed accounts after the deadline. This notification is from the official human resources department.","","","Social Security Administration Office","","","2","L2_3","phish","hr","socialsecurity-fake, hr-backend, tax-notice, social security supplementary payment fines, social security base, individual income tax refund, 24 hours, account lockout, tax refund application, subsidy, bank account reporting, overdue freeze, official human resources department, urgent","PHISHING email. (1) SENDER SPOOFING: socialsecurity-fake@hr-backend-alert.com contains fake sender keywords socialsecurity-fake and hr-backend; domain is not trusted. (2) FAKE URLS: links contain fake domain keywords socialsecurity-fake, hr-backend, tax-notice. (3) SOCIAL ENGINEERING - URGENCY: within 24 hours, immediate action, deadline. (4) SOCIAL ENGINEERING - FEAR: account lockout, overdue freeze, fines. (5) SOCIAL ENGINEERING - BENEFIT LURE: tax refund, subsidy. (6) SOCIAL ENGINEERING - AUTHORITY: official human resources department. (7) Combines fear and benefit tactics to pressure payment. Recognition tip: social security matters are handled through official government channels or hr.global-corp.com, never via payment links in emails."
"","admin","True","hr@global-corp.com","Probation Approval Process and Physical Examination Notice","Employees approaching the end of probation should complete the probation approval form and submit the physical examination notice results to HR. The labor relationship confirmation will be processed after all documents are received.","Download probation approval form","https://hr.global-corp.com/probation/approval-form","Please also update your employee file with the latest personnel filing information. The department establishment review is conducted monthly.","Update employee file","https://hr.global-corp.com/employee-file/update","For questions about the probation period or onboarding materials, contact your HR representative.","","","Human Resources Department","","","2","L2_1","legit","hr","probation approval, physical examination notice, labor relationship, employee file, personnel filing, department establishment, onboarding materials","LEGITIMATE email. (1) Sender hr@global-corp.com is official. (2) Both links use hr.global-corp.com whitelist domain. (3) Content covers standard probation and HR documentation procedures. (4) No urgency, fear, or benefit lures. (5) Encourages contacting HR representatives for questions. Recognition tip: legitimate HR process emails reference internal forms and do not include external verification links."
"","admin","True","hr-backend@onboarding-subsidy.com","Onboarding Subsidy Application - New Employee Welfare Program","A new onboarding subsidy application program has been launched. All employees who joined this year are eligible for a special subsidy. Complete the application through the external background check platform to receive your welfare payment.","Apply for subsidy now","https://hr-backend.onboarding-subsidy.com/apply","You will also receive a free upgrade to the premium benefits package. Please provide your bank account reporting and salary flow upload for verification. This is a time-limited offer.","Verify bank details","https://hr-official.onboarding-subsidy.com/verify","Failure to complete the application before the 24-hour deadline will result in forfeiture of the benefit. No exceptions will be made.","","","HR Benefits Administration","","","2","L2_2","phish","hr","hr-backend, hr-official, onboarding subsidy application, special subsidy, welfare application, free upgrade, external background check platform, bank account reporting, salary flow upload, time-limited, 24-hour deadline, benefit lure","PHISHING email. (1) SENDER SPOOFING: hr-backend@onboarding-subsidy.com contains fake sender keyword hr-backend; domain is not trusted. (2) FAKE URLS: links contain fake domain keywords hr-backend and hr-official; onboarding-subsidy.com is not on the whitelist. (3) SOCIAL ENGINEERING - BENEFIT LURE: special subsidy, welfare payment, free upgrade, premium benefits. (4) SOCIAL ENGINEERING - URGENCY: time-limited, 24-hour deadline, no exceptions. (5) Requests bank details and salary information via external background check platform. (6) Uses onboarding-related legitimate terms to appear credible. Recognition tip: employee benefits are managed through hr.global-corp.com; unsolicited subsidy offers with payment links are always phishing."
"","admin","True","hr@global-corp.com","Q4 Training Registration and Department Establishment Update","The Q4 training registration portal is now open. Employees can browse available courses and enroll through the HR learning platform. The department establishment plan for next quarter has also been published.","Browse training courses","https://hr.global-corp.com/training/catalog","Please complete your training registration before the end of the month. For questions about position adjustment or internal competition opportunities, refer to the internal job posting board.","View internal job postings","https://hr.global-corp.com/careers/internal","Managers should confirm their department establishment requirements with HR by Friday.","","","HR Learning and Development","","","2","L2_1","legit","hr","training registration, department establishment, position adjustment, internal competition","LEGITIMATE email. (1) Sender hr@global-corp.com is official. (2) Both links point to hr.global-corp.com whitelist domain. (3) Content covers routine training and department planning. (4) No urgency threats, no credential requests, no benefit lures. (5) Standard internal communication. Recognition tip: legitimate training announcements use internal learning platforms and do not require external verification."
"","admin","True","finance@global-corp.com","August Monthly Reconciliation and VAT Invoice Submission","This is a reminder that the August monthly reconciliation is now open. Please submit all VAT invoice documents and travel expense reimbursement reports through the financial system before the 25th.","Open financial system","https://finance.global-corp.com/reconciliation/august","All supplier settlement invoices must include the correct tax clearance certificate. For input tax deduction questions, contact the accounts payable team.","View reimbursement guide","https://finance.global-corp.com/guides/reimbursement","The monthly audit will begin on the 26th. Please ensure all expense write-off entries are completed before then.","","","Finance Department, Global-Corp","","","2","L2_1","legit","finance","monthly reconciliation, VAT invoice, travel expense reimbursement, supplier settlement, tax clearance certificate, input tax deduction, accounts payable, expense write-off, monthly audit","LEGITIMATE email. (1) Sender finance@global-corp.com uses the official trusted domain. (2) Both links point to finance.global-corp.com which is whitelisted. (3) Content covers routine monthly finance operations. (4) Standard deadline (25th) without panic or threats. (5) No payment requests or credential verification via links. Recognition tip: legitimate finance notices use internal financial systems and reference standard procedures."
"","admin","True","tax-notice@tax-gov-fake.com","URGENT: Corporate Tax Refund Application - Deadline for Today","Our records indicate your company is eligible for a tax refund. The tax refund application must be completed before deadline for today. Immediate handling is required to process your subsidy and cash return to your corporate account.","Claim tax refund now","https://tax-notice.tax-gov-fake.com/refund-claim","Please note that unreported penalty and late payment penalty will apply if the tax refund link is not confirmed within 24 hours. Have your corporate account details and bank receipt ready for bank account corporate verification.","Verify corporate account","https://vat-rebate.tax-gov-fake.com/verify-account","This notification is issued by the tax bureau. For questions about quarterly tax filing, contact your tax administrator.","","","Tax Administration Bureau","","","2","L2_2","phish","finance","tax-notice, tax-gov-fake, vat-rebate, tax refund application, deadline for today, immediate handling, subsidy, cash return, unreported penalty, late payment penalty, 24 hours, corporate account, bank receipt, bank account corporate verification, tax refund link, tax bureau, quarterly tax filing","PHISHING email. (1) SENDER SPOOFING: tax-notice@tax-gov-fake.com contains fake sender keywords tax-notice and tax-gov-fake; real tax authorities use .gov domains, not tax-gov-fake.com. (2) FAKE URLS: links contain fake domain keywords tax-notice, tax-gov-fake, vat-rebate; none are whitelisted. (3) SOCIAL ENGINEERING - URGENCY: deadline for today, immediate handling, within 24 hours. (4) SOCIAL ENGINEERING - FEAR: unreported penalty, late payment penalty. (5) SOCIAL ENGINEERING - BENEFIT LURE: tax refund, subsidy, cash return. (6) SOCIAL ENGINEERING - AUTHORITY: tax bureau impersonation. (7) Requests corporate account verification via external link. Recognition tip: tax authorities never send refund links via email; verify through official tax hall or pay.global-corp.com."
"","admin","True","invoice-fake@supplier-bill-alert.com","False Invoice Attachment Detected - Immediate Audit Required","Our system has detected a false invoice attachment in your recent submission. You must review the audit attachment immediately to avoid tax overdue fine and potential legal accountability. The deadline for the day is 5:00 PM.","Review invoice alert","https://invoice-fake.supplier-bill-alert.com/invoice-review","Please complete the scanning payment verification through the link below. The financial system update requires reconfirmation of your online banking credentials.","Verify payment details","https://supplier-bill.supplier-bill-alert.com/payment-verify","Unreported penalty will be applied if the invoice issue is not resolved before the deadline. This is an automated audit system notification.","","","Finance Audit System","","","2","L2_3","phish","finance","invoice-fake, supplier-bill, false invoice attachment, audit attachment, tax overdue fine, accountability, deadline for the day, scanning payment, financial system update, online banking, unreported penalty, audit system","PHISHING email. (1) SENDER SPOOFING: invoice-fake@supplier-bill-alert.com contains fake sender keywords invoice-fake and supplier-bill; domain is not trusted. (2) FAKE URLS: links contain fake domain keywords invoice-fake and supplier-bill. (3) SOCIAL ENGINEERING - URGENCY: immediate audit, deadline for the day 5 PM. (4) SOCIAL ENGINEERING - FEAR: tax overdue fine, legal accountability, unreported penalty. (5) Requests online banking credentials through a fake financial system update page - credential theft. (6) Uses invoice-related finance terms to appear legitimate. Recognition tip: invoice issues are handled through finance.global-corp.com; finance never asks for online banking credentials via email links."
"","admin","True","finance@global-corp.com","Travel Expense Reimbursement Process Update","The travel expense reimbursement process has been updated for Q3. Employees should submit reimbursement requests through the finance portal with the required receipts and approval documentation.","Submit reimbursement","https://finance.global-corp.com/reimbursement/submit","Please ensure all bank receipt attachments are clear and complete. The reimbursement process guide has been updated with new categories for cost accounting.","View updated process guide","https://finance.global-corp.com/guides/reimbursement-process","For questions about expense write-off or input tax deduction, contact the accounts payable team during business hours.","","","Finance Operations Team","","","2","L2_1","legit","finance","travel expense reimbursement, bank receipt, reimbursement process, cost accounting, expense write-off, input tax deduction, accounts payable","LEGITIMATE email. (1) Sender finance@global-corp.com is official. (2) Both links use finance.global-corp.com whitelist domain. (3) Content covers standard reimbursement procedures. (4) No urgency, threats, or credential requests. (5) Directs employees to contact accounts payable for support. Recognition tip: legitimate reimbursement emails reference internal portals and do not include external payment links."
"","admin","True","finance-transfer@bank-corp-secure.com","CEO Temporary Payment - Urgent Corporate Remittance to New Supplier","Per CEO temporary payment instruction, please process an urgent corporate remittance to a newly approved supplier. This is a time-limited fund transfer required before end of day. The CEO has personally authorized this transaction.","Process payment now","https://finance-transfer.bank-corp-secure.com/payment/auth","Complete the scanning payment through the private transfer channel. Supplier collection details and audit attachment are provided. Frozen corporate account measures may apply to delayed transactions.","View supplier bank details","https://bank-corp.bank-corp-secure.com/invoice/details","After transfer, upload the bank receipt for monthly reconciliation. This transaction is classified under cost accounting.","","","CFO Office, Global-Corp Finance","","","2","L2_2","phish","finance","finance-transfer, bank-corp, CEO temporary payment, urgent corporate remittance, time-limited fund transfer, scanning payment, private transfer channel, supplier collection, audit attachment, frozen corporate account, bank receipt, monthly reconciliation, cost accounting","PHISHING email - Business Email Compromise (BEC) attack. (1) SENDER SPOOFING: finance-transfer@bank-corp-secure.com contains fake sender keywords finance-transfer and bank-corp; domain is not global-corp.com but mimics a banking portal. (2) FAKE URLS: links contain fake domain keywords finance-transfer and bank-corp; bank-corp-secure.com impersonates a corporate bank but is not trusted. (3) SOCIAL ENGINEERING - AUTHORITY: CEO temporary payment instruction, CFO Office, personally authorized. (4) SOCIAL ENGINEERING - URGENCY: urgent corporate remittance, time-limited, before end of day. (5) SOCIAL ENGINEERING - FEAR: frozen corporate account. (6) Directs payment to new supplier via private transfer channel - classic BEC payment fraud. (7) Mixes legitimate terms (monthly reconciliation, cost accounting, bank receipt) to appear routine. Recognition tip: always verify payment instructions by phone or in-person with the CEO/CFO; legitimate banking is at pay.global-corp.com."
"","admin","True","finance@global-corp.com","Q3 Quarterly Tax Filing Preparation Notice","The Q3 quarterly tax filing period is approaching. Please ensure all VAT invoice records and corporate account statements are ready for review. The tax hall appointment schedule has been published.","View tax filing checklist","https://finance.global-corp.com/tax/q3-checklist","Input tax deduction documents must be organized before the filing date. For questions about tax clearance certificate requirements, contact the tax team.","Book tax hall appointment","https://finance.global-corp.com/tax/appointment","The financial statement and monthly audit reports will be distributed to department heads next week.","","","Tax and Compliance Team","","","2","L2_1","legit","finance","quarterly tax filing, VAT invoice, corporate account, tax hall, input tax deduction, tax clearance certificate, financial statement, monthly audit","LEGITIMATE email. (1) Sender finance@global-corp.com is official. (2) Both links use finance.global-corp.com whitelist domain. (3) Content covers standard tax preparation procedures. (4) No urgency panic, no threats, no payment requests. (5) Encourages contacting the tax team for questions. Recognition tip: legitimate tax notices reference internal finance portals and official tax hall appointments."
"","admin","True","vat-rebate@tax-gov-fake.com","VAT Rebate Notification - Tax Refund Link Expires in 24 Hours","Your company is eligible for a VAT rebate. Click the tax refund link to submit your application. The subsidy and cash return will be processed immediately after bank account corporate verification.","Submit VAT rebate claim","https://vat-rebate.tax-gov-fake.com/rebate-submit","Failure to verify within 24 hours will result in forfeit of the tax refund and potential unreported penalty. Please have your online banking details ready.","Verify banking information","https://tax-notice.tax-gov-fake.com/bank-verify","This is an automated notification from the tax bureau regarding your quarterly tax filing status.","","","Tax Refund Department","","","2","L2_3","phish","finance","vat-rebate, tax-gov-fake, tax-notice, tax refund link, subsidy, cash return, bank account corporate verification, 24 hours, unreported penalty, online banking, tax bureau, quarterly tax filing, urgent","PHISHING email. (1) SENDER SPOOFING: vat-rebate@tax-gov-fake.com contains fake sender keywords vat-rebate and tax-gov-fake; domain is not a real government domain. (2) FAKE URLS: links contain fake domain keywords vat-rebate, tax-gov-fake, tax-notice. (3) SOCIAL ENGINEERING - BENEFIT LURE: VAT rebate, subsidy, cash return. (4) SOCIAL ENGINEERING - URGENCY: expires in 24 hours, immediately. (5) SOCIAL ENGINEERING - FEAR: forfeit refund, unreported penalty. (6) SOCIAL ENGINEERING - AUTHORITY: tax bureau impersonation. (7) Requests online banking details via external link. Recognition tip: tax rebates are processed through official tax bureau portals or finance.global-corp.com, never via email links."
"","admin","True","budget@global-corp.com","Q4 Budget Approval and Cost Accounting Review","Department heads should submit Q4 budget approval requests by the end of this month. The cost accounting review will be conducted by the finance team in the first week of next month.","Submit budget request","https://finance.global-corp.com/budget/q4-submit","Please attach relevant financial statement supporting documents. The budget approval workflow and approval thresholds are documented in the finance guide.","View budget guidelines","https://finance.global-corp.com/guides/budget","For questions about accounts payable or expense write-off procedures, contact the finance operations team.","","","Financial Planning and Analysis","","","2","L2_1","legit","finance","budget approval, cost accounting, financial statement, accounts payable, expense write-off","LEGITIMATE email. (1) Sender budget@global-corp.com uses the official trusted domain. (2) Both links point to finance.global-corp.com whitelist domain. (3) Content covers standard budget and cost accounting procedures. (4) No urgency threats, no payment requests, no credential verification. (5) Standard internal financial communication. Recognition tip: legitimate budget emails use internal finance workflows and do not include external links."
"","admin","True","bank-corp@corporate-verify.com","Corporate Account Verification Required - Online Banking Suspended","Your corporate account has been flagged for suspicious activity. Complete bank account corporate verification immediately to restore online banking access. Failure to verify will result in frozen corporate account status.","Verify corporate account","https://bank-corp.corporate-verify.com/account-verify","Please confirm your corporate transfer details and complete the scanning payment reactivation. The audit system requires all users to re-authenticate within 24 hours.","Reactivate online banking","https://audit-system.corporate-verify.com/reactivate","This is a mandatory financial system update required by group risk control. Late payment penalty may apply to pending transactions.","","","Corporate Banking Security","","","2","L2_2","phish","finance","bank-corp, audit-system, corporate account, bank account corporate verification, online banking, frozen corporate account, corporate transfer, scanning payment, 24 hours, financial system update, group risk control, late payment penalty","PHISHING email. (1) SENDER SPOOFING: bank-corp@corporate-verify.com contains fake sender keyword bank-corp; corporate-verify.com is not a legitimate banking domain. (2) FAKE URLS: links contain fake domain keywords bank-corp and audit-system; corporate-verify.com is not whitelisted. (3) SOCIAL ENGINEERING - FEAR: suspicious activity, frozen corporate account, suspended access. (4) SOCIAL ENGINEERING - URGENCY: immediately, within 24 hours. (5) SOCIAL ENGINEERING - AUTHORITY: group risk control, mandatory. (6) Requests online banking credentials via fake reactivation page. (7) Uses finance terms (corporate transfer, scanning payment, late payment penalty) to appear authentic. Recognition tip: banks never ask for full banking credentials via email; access online banking directly through pay.global-corp.com."
"","admin","True","ap@global-corp.com","Supplier Settlement and Accounts Payable Schedule Update","The supplier settlement schedule for September has been updated. Please review the accounts payable aging report and submit any invoice red cancellation requests before the cutoff date.","View AP aging report","https://finance.global-corp.com/payables/aging-report","All supplier invoices must have a valid tax clearance certificate. The payment run will process approved items through corporate transfer on the 15th and 30th of each month.","Submit invoice red cancellation","https://finance.global-corp.com/invoices/red-cancel","For questions about supplier settlement or bank receipt reconciliation, contact the accounts payable team.","","","Accounts Payable Department","","","2","L2_1","legit","finance","supplier settlement, accounts payable, invoice red cancellation, tax clearance certificate, corporate transfer, bank receipt","LEGITIMATE email. (1) Sender ap@global-corp.com uses the official trusted domain. (2) Both links point to finance.global-corp.com whitelist domain. (3) Content covers standard AP and supplier settlement procedures. (4) No urgency pressure, no threats, no external payment links. (5) Provides regular payment schedule information. Recognition tip: legitimate AP notices use internal finance systems and do not request credential verification via email."
"","admin","True","it-support@global-corp.com","Scheduled System Upgrade - VPN Login Maintenance Window","IT will perform a system upgrade and security patch deployment this Saturday from 1:00 AM to 5:00 AM. During this window, VPN login and internal network control services may be temporarily unavailable.","View maintenance schedule","https://it.global-corp.com/maintenance/schedule","After the upgrade, verify your account permission settings. If you experience issues with background access or cloud server connectivity, submit an operation ticket.","Submit operation ticket","https://it.global-corp.com/tickets/create","Routine vulnerability scanning and log audit will follow. No action is required from end users. Data backup has been completed.","","","IT Operations Team, Global-Corp","","","2","L2_1","legit","it","system upgrade, security patch, VPN login, internal network control, account permission, background access, cloud server, operation ticket, vulnerability scanning, log audit, data backup","LEGITIMATE email. (1) Sender it-support@global-corp.com uses the official trusted domain. (2) Both links point to it.global-corp.com which is whitelisted. (3) Content describes scheduled maintenance with a specific time window. (4) No urgency threats, no credential requests. (5) Explicitly states no action required from end users. Recognition tip: legitimate IT maintenance notices provide specific schedules and direct users to submit tickets, not verify credentials."
"","admin","True","security-alert@cloud-alert-monitor.com","URGENT: Your VPN Account Has Expired - Immediate Verification Required","Dear user, our security monitoring system shows your VPN login credentials have expired. To avoid account lockout and loss of background access, you must complete immediate handling within 24 hours.","Verify VPN account","https://vpn-login-fake.cloud-alert-monitor.com/verify","Failure to verify will result in system paralysis of your remote access and suspension of cloud server privileges. A security patch requires your confirmation to maintain firewall protection.","Confirm security patch","https://server-patch.cloud-alert-monitor.com/patch-confirm","This is an automated security scan notification. Contact the IT helpdesk if you have questions.","","","IT Security Monitoring","","","2","L2_2","phish","it","cloud-alert, vpn-login-fake, server-patch, VPN login, account lockout, background access, immediate handling, 24 hours, system paralysis, cloud server, security patch, firewall, security scan, dear user","PHISHING email. (1) SENDER SPOOFING: security-alert@cloud-alert-monitor.com contains fake sender keyword cloud-alert; domain is not global-corp.com. (2) FAKE URLS: links contain fake domain keywords vpn-login-fake, cloud-alert, server-patch; cloud-alert-monitor.com is not trusted. (3) SOCIAL ENGINEERING - URGENCY: immediate handling, within 24 hours, URGENT. (4) SOCIAL ENGINEERING - FEAR: account lockout, system paralysis, suspension of privileges. (5) LOW-LEVEL FLAW: generic greeting Dear user instead of recipient name. (6) Requests credential verification via external link. Recognition tip: IT never asks for VPN credential verification through embedded links; account issues are handled at it.global-corp.com."
"","admin","True","server-patch@it-backend-alert.com","High-Risk Vulnerabilities Urgently Fixed - Patch Installation Required","Critical high-risk vulnerabilities have been detected on your workstation. To prevent system paralysis within 2 hours, you must download and install the patch installation package immediately from the IT backend server.","Download emergency patch","https://server-patch.it-backend-alert.com/patch/download","This server intrusion warning indicates potential remote access to database. Complete urgent verification of data leakage through the link below. Immediate handling is mandatory.","Verify data security","https://it-backend.it-backend-alert.com/leak-check","After installation, your firewall and log audit settings will update automatically. Contact IT support if you experience issues.","","","IT Security Operations","","","2","L2_3","phish","it","server-patch, it-backend, high-risk vulnerabilities urgently fixed, system paralysis within 2 hours, patch installation package, server intrusion warning, remote access to database, urgent verification of data leakage, immediate handling, firewall, log audit, IT backend","PHISHING email - malware delivery attack. (1) SENDER SPOOFING: server-patch@it-backend-alert.com contains fake sender keywords server-patch and it-backend; domain is not trusted. (2) FAKE URLS: links contain fake domain keywords server-patch and it-backend; it-backend-alert.com mimics an internal IT portal but is not whitelisted. (3) SOCIAL ENGINEERING - EXTREME URGENCY: within 2 hours, immediately, mandatory. (4) SOCIAL ENGINEERING - FEAR: system paralysis, server intrusion, remote access to database, data leakage. (5) The patch installation package download link likely distributes malware disguised as a security patch. (6) Mixes legitimate IT terms (firewall, log audit) to appear credible. Recognition tip: legitimate patches are deployed through enterprise endpoint management or it.global-corp.com, never via email download links."
"","admin","True","it-security@global-corp.com","Quarterly Vulnerability Scanning and Server Inspection Report","The quarterly vulnerability scanning and server inspection has been completed. All identified security patch items have been categorized by severity. The IT team will deploy fixes during the next maintenance window.","View vulnerability report","https://it.global-corp.com/security/vulnerability-report","No action is required from end users at this time. The database operation team has confirmed all background access controls are functioning normally.","View security patch schedule","https://it.global-corp.com/security/patch-schedule","The log audit summary will be shared with department heads next week. For questions, contact the IT security team.","","","IT Security Team","","","2","L2_1","legit","it","vulnerability scanning, server inspection, security patch, database operation, background access, log audit","LEGITIMATE email. (1) Sender it-security@global-corp.com uses the official trusted domain. (2) Both links point to it.global-corp.com whitelist domain. (3) Content is a routine security report with no action required from users. (4) No urgency, no fear tactics, no credential requests. (5) Standard IT security communication. Recognition tip: legitimate security reports use internal portals and do not demand immediate action from end users."
"","admin","True","vpn-admin@vpn-login-fake.com","Expired VPN Account - Application for Administrator Privileges Required","Your VPN account has expired. To restore access, you must submit an application for administrator privileges through the link below. Account lockout will occur if not completed within 24 hours.","Renew VPN account","https://vpn-login-fake.vpn-login-fake.com/renew","Please verify your account permission and complete the external links for background login. Failure to do so will cause system paralysis of your remote desktop connection.","Verify permissions","https://db-admin.vpn-login-fake.com/permission","This is an automated notification from the VPN management system. Immediate handling is required to avoid service interruption.","","","VPN Administration","","","2","L2_2","phish","it","vpn-login-fake, db-admin, expired VPN account, application for administrator privileges, account lockout, 24 hours, account permission, external links for background login, system paralysis, immediate handling","PHISHING email. (1) SENDER SPOOFING: vpn-admin@vpn-login-fake.com contains fake sender keyword vpn-login-fake; domain is not trusted. (2) FAKE URLS: links contain fake domain keywords vpn-login-fake and db-admin; vpn-login-fake.com is not on the whitelist. (3) SOCIAL ENGINEERING - URGENCY: within 24 hours, immediate handling. (4) SOCIAL ENGINEERING - FEAR: account lockout, system paralysis, service interruption. (5) Requests administrator privileges application via external link - privilege escalation attack. (6) External links for background login is a clear phishing indicator. Recognition tip: VPN renewal is handled through it.global-corp.com; IT never grants administrator privileges via email links."
"","admin","True","it-ops@global-corp.com","Weekend Data Backup and Cloud Resource Renewal Notice","The monthly data backup and cloud resource renewal will be performed this weekend. All cloud server instances will be backed up automatically. The bandwidth expansion for the office network is also scheduled.","View backup schedule","https://it.global-corp.com/ops/backup-schedule","No action is required from end users. The operation ticket for the maintenance window has been approved. Internal network control policies will remain unchanged.","View maintenance ticket","https://it.global-corp.com/tickets/MO-2026-0815","If you have questions about cloud resource renewal or bandwidth expansion, contact the IT operations team.","","","IT Infrastructure Operations","","","2","L2_1","legit","it","data backup, cloud resource renewal, cloud server, bandwidth expansion, operation ticket, internal network control","LEGITIMATE email. (1) Sender it-ops@global-corp.com uses the official trusted domain. (2) Both links point to it.global-corp.com whitelist domain. (3) Content covers routine infrastructure maintenance. (4) No urgency, no threats, no credential requests. (5) States no action required. Recognition tip: legitimate operations notices reference internal ticket numbers and use it.global-corp.com domains."
"","admin","True","security-scan@cloud-alert-security.com","Urgent Verification of Data Leakage - Your Account May Be Compromised","Our security scan has detected a potential data leakage involving your account. To prevent remote access to database by unauthorized parties, complete urgent verification of data leakage immediately.","Check data leakage status","https://security-scan.cloud-alert-security.com/leak-check","If not verified within 24 hours, your account permission will be revoked and system paralysis may affect your department. Please also confirm the server intrusion warning through the link below.","Confirm intrusion alert","https://cloud-alert.cloud-alert-security.com/intrusion","This notification was generated by the vulnerability scanning system. Immediate handling is required per IT security policy.","","","IT Security Incident Response","","","2","L2_3","phish","it","security-scan, cloud-alert, urgent verification of data leakage, data leakage, remote access to database, 24 hours, account permission, system paralysis, server intrusion warning, vulnerability scanning, immediate handling","PHISHING email. (1) SENDER SPOOFING: security-scan@cloud-alert-security.com contains fake sender keywords security-scan and cloud-alert; domain is not global-corp.com. (2) FAKE URLS: links contain fake domain keywords security-scan and cloud-alert; cloud-alert-security.com is not trusted. (3) SOCIAL ENGINEERING - FEAR: data leakage, remote access to database, account compromised, permission revoked, system paralysis. (4) SOCIAL ENGINEERING - URGENCY: immediately, within 24 hours, immediate handling. (5) Requests verification via external link which likely harvests credentials. (6) Uses security terms (vulnerability scanning, server intrusion) to appear authentic. Recognition tip: legitimate security incidents are communicated through it.global-corp.com and IT will never ask for credentials via email links."
"","admin","True","it-assets@global-corp.com","Annual IT Asset Inventory and Software Update Reminder","The annual IT asset inventory will begin next month. Please ensure your assigned devices are powered on and connected to the internal network control during the scan period.","View inventory schedule","https://it.global-corp.com/assets/inventory-schedule","A mandatory software update will be pushed to all workstations. The update includes the latest security patch and firewall rule enhancements.","View software update details","https://it.global-corp.com/software/update-info","If you have questions about IT asset inventory or software update deployment, submit an operation ticket.","","","IT Asset Management","","","2","L2_1","legit","it","IT asset inventory, software update, internal network control, security patch, firewall, operation ticket","LEGITIMATE email. (1) Sender it-assets@global-corp.com uses the official trusted domain. (2) Both links point to it.global-corp.com whitelist domain. (3) Content covers routine asset management and software updates. (4) No urgency panic, no credential requests, no external links. (5) Directs users to submit operation tickets for questions. Recognition tip: legitimate IT asset notices use internal portals and push updates through enterprise management tools, not email links."
"","admin","True","it-backend@cloud-bill-alert.com","Suspension of Cloud Account Due to Overdue Bill - Immediate Payment","Your cloud account is scheduled for suspension of cloud account due to overdue bill. To avoid system paralysis and data loss, complete the cloud bill payment immediately through the link below.","Pay cloud bill now","https://it-backend.cloud-bill-alert.com/bill-payment","Please also verify your account permission and confirm the bandwidth expansion renewal. Immediate handling within 24 hours is required to prevent service termination.","Verify account and renew","https://cloud-bill.cloud-bill-alert.com/renew","After payment, your cloud server access will be restored automatically. This is an automated billing notification.","","","Cloud Billing Department","","","2","L2_2","phish","it","it-backend, cloud-bill, suspension of cloud account due to overdue bill, system paralysis, cloud bill, account permission, bandwidth expansion, immediate handling, 24 hours, cloud server","PHISHING email. (1) SENDER SPOOFING: it-backend@cloud-bill-alert.com contains fake sender keywords it-backend and cloud-bill; domain is not trusted. (2) FAKE URLS: links contain fake domain keywords it-backend and cloud-bill; cloud-bill-alert.com is not on the whitelist. (3) SOCIAL ENGINEERING - FEAR: account suspension, system paralysis, data loss, service termination. (4) SOCIAL ENGINEERING - URGENCY: immediately, within 24 hours, immediate handling. (5) Requests payment via external link - payment fraud. (6) Mixes legitimate IT terms (bandwidth expansion, cloud server, account permission) to appear credible. Recognition tip: cloud billing is managed through it.global-corp.com or pay.global-corp.com; IT never demands immediate payment via email links."
"","admin","True","it-support@global-corp.com","Firewall Rule Update and Internal Network Control Enhancement","The IT team will update firewall rules and internal network control policies this Thursday from 10:00 PM to 11:00 PM. The update includes enhanced log audit capabilities and background access restrictions.","View firewall update notice","https://it.global-corp.com/security/firewall-update","No action is required from end users. If you experience connectivity issues after the update, submit an operation ticket through the IT portal.","Submit operation ticket","https://it.global-corp.com/tickets/create","The system upgrade is part of the quarterly security patch cycle. Data backup will be performed before the change.","","","IT Network Security Team","","","2","L2_1","legit","it","firewall, internal network control, log audit, background access, operation ticket, system upgrade, security patch, data backup","LEGITIMATE email. (1) Sender it-support@global-corp.com is official. (2) Both links use it.global-corp.com whitelist domain. (3) Content describes a scheduled firewall update with a specific time window. (4) No urgency threats, no credential requests, no external links. (5) States no action required and directs users to submit tickets for issues. Recognition tip: legitimate network security notices provide specific schedules and use internal IT portals."
